date,spy_close,spy_return,spy_direction
2018-03-02,239.55001831054688,0.00515525303368447,1
2018-03-05,242.3187255859375,0.011557950589681676,1
2018-03-06,242.9329833984375,0.002534916816745003,0
2018-03-07,242.8439483642578,-0.0003665003941999423,1
2018-03-08,244.01904296875,0.004838887740078901,1
2018-03-09,248.2655792236328,0.017402478934509302,0
2018-03-12,247.95407104492188,-0.0012547376872986682,0
2018-03-13,246.3514862060547,-0.00646323261446613,0
2018-03-14,245.08740234375,-0.005131220768229361,0
2018-03-15,244.82029724121094,-0.0010898361155439185,1
2018-03-16,245.08583068847656,0.0010846055260034237,0
2018-03-19,241.769775390625,-0.01353017956418101,1
2018-03-20,242.18084716796875,0.001700261236871281,0
2018-03-21,241.71607971191406,-0.0019190925355559996,0
2018-03-22,235.67384338378906,-0.024997246088577785,0
2018-03-23,230.65052795410156,-0.021314692193088014,1
2018-03-26,236.96095275878906,0.027359247172168866,0
2018-03-27,232.92984008789062,-0.01701171701061588,0
2018-03-28,232.24151611328125,-0.0029550699659161017,1
2018-03-29,235.20909118652344,0.012777969774339093,0
2018-04-02,230.13214111328125,-0.021584837761292608,1
2018-04-03,233.08177185058594,0.012817117691755753,1
2018-04-04,235.5755157470703,0.010699008664147858,1
2018-04-05,237.43467712402344,0.007891997481390467,0
2018-04-06,232.14328002929688,-0.022285696254732867,1
2018-04-09,233.28736877441406,0.004928373308815237,1
2018-04-10,236.9966583251953,0.015900087391221174,0
2018-04-11,235.75433349609375,-0.00524195082698975,1
2018-04-12,237.69387817382812,0.008226973599899878,0
2018-04-13,236.9966583251953,-0.002933268008370571,1
2018-04-16,238.9451904296875,0.008221770375422377,1
2018-04-17,241.50155639648438,0.010698545395284365,1
2018-04-18,241.68040466308594,0.000740567759770272,0
2018-04-19,240.33963012695312,-0.005547717192885049,0
2018-04-20,238.3016357421875,-0.008479643509849422,0
2018-04-23,238.26593017578125,-0.00014983349272890134,0
2018-04-24,235.05711364746094,-0.013467374567371015,1
2018-04-25,235.6381072998047,0.0024717126970899006,1
2018-04-26,238.03347778320312,0.01016546309443389,1
2018-04-27,238.25697326660156,0.0009389245810289548,0
2018-04-30,236.42469787597656,-0.007690332692066648,1
2018-05-01,236.84475708007812,0.00177671456440609,0
2018-05-02,235.25375366210938,-0.006717494774143629,0
2018-05-03,234.73532104492188,-0.002203716663888411,1
2018-05-04,237.77430725097656,0.012946437683628798,1
2018-05-07,238.57879638671875,0.003383414907368598,0
2018-05-08,238.57879638671875,0.0,1
2018-05-09,240.88479614257812,0.009665568737808217,1
2018-05-10,243.13719177246094,0.009350509728931256,1
2018-05-11,243.8790740966797,0.003051290996702205,1
2018-05-14,243.99537658691406,0.0004768858938191123,0
2018-05-15,242.3148956298828,-0.006887347541327915,1
2018-05-16,243.33389282226562,0.0042052602244446735,0
2018-05-17,243.12826538085938,-0.0008450423367715176,0
2018-05-18,242.52047729492188,-0.002499866006880791,1
2018-05-21,244.34393310546875,0.007518770500890115,0
2018-05-22,243.66455078125,-0.002780434593092629,1
2018-05-23,244.3349609375,0.0027513651620660884,0
2018-05-24,243.8343963623047,-0.0020486817493274856,0
2018-05-25,243.25338745117188,-0.0023828012774272933,0
2018-05-29,240.455810546875,-0.01150066987189824,1
2018-05-30,243.66455078125,0.013344407136917535,0
2018-05-31,242.17189025878906,-0.006125882971794949,1
2018-06-01,244.5495147705078,0.009817921102147631,1
2018-06-04,245.71144104003906,0.004751292475970059,1
2018-06-05,245.89015197753906,0.0007273203752480306,1
2018-06-06,247.9459991455078,0.008360835728616456,0
2018-06-07,247.91917419433594,-0.00010818868327910902,1
2018-06-08,248.65208435058594,0.002956246359854031,1
2018-06-11,248.98291015625,0.0013304767041391052,1
2018-06-12,249.30458068847656,0.0012919381977851696,0
2018-06-13,248.5091094970703,-0.003190760431314499,1
2018-06-14,249.134765625,0.002517638605666672,0
2018-06-15,248.81703186035156,-0.001275348961640721,0
2018-06-18,248.30517578125,-0.0020571585283953864,0
2018-06-19,247.3534698486328,-0.0038328074701737824,1
2018-06-20,247.775390625,0.0017057402777709285,0
2018-06-21,246.22219848632812,-0.00626854884479866,1
2018-06-22,246.6711883544922,0.0018235149833127906,0
2018-06-25,243.313232421875,-0.01361308531822314,1
2018-06-26,243.85191345214844,0.0022139405445054106,0
2018-06-27,241.83181762695312,-0.008284108976621685,1
2018-06-28,243.21441650390625,0.005717191767899976,1
2018-06-29,243.5646209716797,0.0014399001210843032,1
2018-07-02,244.08535766601562,0.0021379816668714025,0
2018-07-03,243.22340393066406,-0.003531361912052833,1
2018-07-05,245.20767211914062,0.008158212394076214,1
2018-07-06,247.2816925048828,0.008458219793116672,1
2018-07-09,249.50820922851562,0.009003969121526678,1
2018-07-10,250.40606689453125,0.0035985095191530814,0
2018-07-11,248.5745391845703,-0.0073142305722663226,1
2018-07-12,250.82806396484375,0.009065790839504206,1
2018-07-13,251.02566528320312,0.0007877958918787176,0
2018-07-16,250.8011474609375,-0.0008944018613089577,1
2018-07-17,251.81565856933594,0.00404508160616146,1
2018-07-18,252.345458984375,0.002103921646688267,0
2018-07-19,251.39378356933594,-0.0037713197569289036,0
2018-07-20,251.10643005371094,-0.0011430414529154387,1
2018-07-23,251.57327270507812,0.0018591425606557799,1
2018-07-24,252.8393096923828,0.005032478107437344,1
2018-07-25,254.9940948486328,0.008522350258239664,0
2018-07-26,254.3924560546875,-0.0023594224576158895,0
2018-07-27,252.668701171875,-0.006775966982456194,0
2018-07-30,251.3488311767578,-0.005223717813071627,1
2018-07-31,252.58773803710938,0.004929033704080821,0
2018-08-01,252.16586303710938,-0.0016702117184248522,1
2018-08-02,253.5395965576172,0.005447737865714508,1
2018-08-03,254.62594604492188,0.0042847330438888775,1
2018-08-06,255.55970764160156,0.003667189503598234,1
2018-08-07,256.4036865234375,0.0033024724031205377,0
2018-08-08,256.2959289550781,-0.0004202652848734889,0
2018-08-09,255.94578552246094,-0.0013661685304355853,0
2018-08-10,254.23094177246094,-0.006700027298748079,0
2018-08-13,253.27920532226562,-0.0037435901529528914,1
2018-08-14,254.89529418945312,0.006380661472509042,0
2018-08-15,252.99180603027344,-0.00746772577827548,1
2018-08-16,255.03895568847656,0.008091762695105365,1
2018-08-17,255.93682861328125,0.003520532470739246,1
2018-08-20,256.4845275878906,0.0021399771872494533,1
2018-08-21,257.08599853515625,0.002345057430645614,0
2018-08-22,256.933349609375,-0.0005937660030146397,0
2018-08-23,256.5921936035156,-0.0013277996273276527,1
2018-08-24,258.1364440917969,0.006018306584445021,1
2018-08-27,260.174560546875,0.007895500622737917,1
2018-08-28,260.30023193359375,0.0004830271893401239,1
2018-08-29,261.70098876953125,0.005381312285172468,0
2018-08-30,260.6414794921875,-0.00404854900367535,1
2018-08-31,260.650390625,3.4189235074366664e-05,0
2018-09-04,260.20147705078125,-0.0017222823765670192,0
2018-09-05,259.50115966796875,-0.0026914427648534467,0
2018-09-06,258.7201232910156,-0.0030097606421198853,0
2018-09-07,258.2172546386719,-0.0019436781567164774,1
2018-09-10,258.66632080078125,0.0017391020702228754,1
2018-09-11,259.5191955566406,0.0032972006298270795,1
2018-09-12,259.5820617675781,0.00024224108279402579,1
2018-09-13,261.1173095703125,0.005914306220855092,1
2018-09-14,261.16217041015625,0.00017180339333910943,0
2018-09-17,259.7795104980469,-0.005294258008110009,1
2018-09-18,261.1891174316406,0.005426166716887115,1
2018-09-19,261.4674987792969,0.00106582291939894,1
2018-09-20,263.5863037109375,0.008103511685133347,0
2018-09-21,263.3455505371094,-0.0009133751277613511,0
2018-09-24,262.4706726074219,-0.0033221671218789384,0
2018-09-25,262.2271728515625,-0.0009277217657897019,0
2018-09-26,261.44256591796875,-0.002992088596546316,1
2018-09-27,262.1730651855469,0.0027941099224344512,1
2018-09-28,262.20013427734375,0.0001032489427459371,1
2018-10-01,263.1111145019531,0.0034743697867285483,0
2018-10-02,262.9576110839844,-0.0005834166992880752,1
2018-10-03,263.10198974609375,0.0005490567909944843,0
2018-10-04,261.04571533203125,-0.007815503090823794,0
2018-10-05,259.5846252441406,-0.005597065962305581,0
2018-10-08,259.5846252441406,0.0,0
2018-10-09,259.2059020996094,-0.001458958303771074,0
2018-10-10,250.99847412109375,-0.03166373879620077,0
2018-10-11,245.4698944091797,-0.022026347894237852,1
2018-10-12,248.87904357910156,0.013888257776487611,0
2018-10-15,247.48110961914062,-0.005616921135092046,1
2018-10-16,252.89256286621094,0.02186612649102071,1
2018-10-17,252.93763732910156,0.00017823562061192177,0
2018-10-18,249.284912109375,-0.01444120874337862,0
2018-10-19,249.14962768554688,-0.0005426899794431783,0
2018-10-22,248.03123474121094,-0.004488840520153081,0
2018-10-23,246.76858520507812,-0.005090687620251666,0
2018-10-24,239.2918701171875,-0.030298488284791425,1
2018-10-25,243.58494567871094,0.017940749760620767,0
2018-10-26,239.3008575439453,-0.017587655603381824,0
2018-10-29,237.97508239746094,-0.0055402022378499005,1
2018-10-30,241.50149536132812,0.014818412618416321,1
2018-10-31,244.08096313476562,0.010680959840758675,1
2018-11-01,246.67843627929688,0.010641850602240988,0
2018-11-02,245.2173614501953,-0.005922993720648084,1
2018-11-05,246.5702362060547,0.005517043115783382,1
2018-11-06,248.13047790527344,0.0063277779314567795,1
2018-11-07,253.442626953125,0.02140869228438569,0
2018-11-08,252.9827117919922,-0.0018146716937946783,0
2018-11-09,250.51161193847656,-0.00976786056253287,0
2018-11-12,245.83067321777344,-0.0186855159506647,0
2018-11-13,245.37066650390625,-0.001871233999589994,0
2018-11-14,243.6931610107422,-0.006836617909815823,1
2018-11-15,246.2364501953125,0.010436440538674763,1
2018-11-16,246.87686157226562,0.0026007984457425692,0
2018-11-19,242.70103454589844,-0.016914614839855457,0
2018-11-20,238.20962524414062,-0.018505933895837656,1
2018-11-21,239.0212860107422,0.0034073382457560086,0
2018-11-23,237.42494201660156,-0.006678668752827632,1
2018-11-26,241.25799560546875,0.016144275139379216,1
2018-11-27,242.06968688964844,0.003364411953032498,1
2018-11-28,247.64340209960938,0.02302525062752614,0
2018-11-29,247.1023406982422,-0.0021848407701552386,1
2018-11-30,248.60845947265625,0.006095121438988382,1
2018-12-03,251.90040588378906,0.01324148992401808,0
2018-12-04,243.73818969726562,-0.032402552738596935,0
2018-12-06,243.3684844970703,-0.0015168127762600347,0
2018-12-07,237.71356201171875,-0.023236050867628366,1
2018-12-10,238.16452026367188,0.0018970657295980242,1
2018-12-11,238.21861267089844,0.0002271220212257674,1
2018-12-12,239.4181365966797,0.005035391283377155,0
2018-12-13,239.33702087402344,-0.0003388035835936165,0
2018-12-14,234.9176788330078,-0.018464932942161782,0
2018-12-17,230.30894470214844,-0.019618507018092535,0
2018-12-18,230.05641174316406,-0.001096496531261426,0
2018-12-19,226.6111602783203,-0.01497568113289549,0
2018-12-20,222.9224395751953,-0.016277753922598337,0
2018-12-21,218.3548126220703,-0.020489758508964617,0
2018-12-24,212.58526611328125,-0.026422804423253177,1
2018-12-26,223.32611083984375,0.05052487843084563,1
2018-12-27,225.0406494140625,0.007677286671813777,0
2018-12-28,224.75033569335938,-0.0012900501374263351,1
2018-12-31,226.71890258789062,0.00875890524682954,1
2019-01-02,226.9547882080078,0.0010404320831860492,0
2019-01-03,221.53903198242188,-0.023862709698031614,1
2019-01-04,228.95957946777344,0.033495440595499026,1
2019-01-07,230.76487731933594,0.0078847884668507,1
2019-01-08,232.93296813964844,0.009395237462034745,1
2019-01-09,234.02157592773438,0.004673480945098785,1
2019-01-10,234.8470916748047,0.0035275198186224266,1
2019-01-11,234.93780517578125,0.00038626623105963986,0
2019-01-14,233.50450134277344,-0.00610077987208324,1
2019-01-15,236.18069458007812,0.011460992066170794,1
2019-01-16,236.75222778320312,0.002419898053654057,1
2019-01-17,238.54832458496094,0.007586398736667999,1
2019-01-18,241.723388671875,0.013309940836676137,0
2019-01-22,238.4575958251953,-0.013510454510104575,1
2019-01-23,238.95657348632812,0.002092521563031191,1
2019-01-24,239.08355712890625,0.0005314088695089758,1
2019-01-25,241.10653686523438,0.008461392161893455,0
2019-01-28,239.27407836914062,-0.007600202466173656,0
2019-01-29,238.95657348632812,-0.0013269506039959023,1
2019-01-30,242.7394561767578,0.01583083752515435,1
2019-01-31,244.87130737304688,0.008782466723237237,1
2019-02-01,244.9892120361328,0.0004814964413382139,1
2019-02-04,246.7128448486328,0.007035545762095863,1
2019-02-05,247.7469940185547,0.004191711909269813,0
2019-02-06,247.42042541503906,-0.0013181536462604226,0
2019-02-07,245.0618438720703,-0.009532687283243968,1
2019-02-08,245.36119079589844,0.001221515839015641,1
2019-02-11,245.49722290039062,0.0005544157331929256,1
2019-02-12,248.65411376953125,0.012859171406682357,1
2019-02-13,249.46153259277344,0.0032471565058864726,0
2019-02-14,248.90817260742188,-0.0022182176931258013,1
2019-02-15,251.62060546875,0.010897323430220096,1
2019-02-19,252.05606079101562,0.0017306027916688116,1
2019-02-20,252.56407165527344,0.0020154677600829896,0
2019-02-21,251.666015625,-0.003555755275830408,1
2019-02-22,253.22633361816406,0.0061999550844760165,1
2019-02-25,253.57095336914062,0.0013609159286578354,0
2019-02-26,253.38954162597656,-0.0007154279334982139,0
2019-02-27,253.28074645996094,-0.00042935933865895226,0
2019-02-28,252.8089599609375,-0.0018627017869201623,1
2019-03-01,254.387451171875,0.0062438103901911735,0
2019-03-04,253.46212768554688,-0.003637457280480927,0
2019-03-05,253.11741638183594,-0.0013600110867001414,0
2019-03-06,251.5843048095703,-0.006056918540733203,0
2019-03-07,249.4796600341797,-0.008365564684107318,0
2019-03-08,248.9807586669922,-0.001999767704986999,1
2019-03-11,252.59127807617188,0.014501198520359138,1
2019-03-12,253.54380798339844,0.003771032454015666,1
2019-03-13,255.2220001220703,0.006618943495483753,0
2019-03-14,255.05868530273438,-0.0006398931881178571,1
2019-03-15,256.3189392089844,0.004941035059261578,1
2019-03-18,257.2482604980469,0.0036256442537194733,1
2019-03-19,257.31207275390625,0.0002480570937033466,0
2019-03-20,256.53753662109375,-0.0030101041296778375,1
2019-03-21,259.43511962890625,0.011294966989927158,0
2019-03-22,254.44187927246094,-0.019246586058154325,0
2019-03-25,254.2505645751953,-0.000751899403559908,1
2019-03-26,256.1458435058594,0.007454374521569829,0
2019-03-27,254.8063507080078,-0.005229414537897492,1
2019-03-28,255.7721405029297,0.0037902893402708138,1
2019-03-29,257.3849792480469,0.0063057639582866365,1
2019-04-01,260.4373779296875,0.011859272792678954,1
2019-04-02,260.5648193359375,0.0004893360824897997,1
2019-04-03,260.97503662109375,0.00157433872386048,1
2019-04-04,261.6673583984375,0.0026528275895940645,1
2019-04-05,262.9339294433594,0.004840386101935046,1
2019-04-08,263.1343688964844,0.0007623187070202597,0
2019-04-09,261.78582763671875,-0.005124914945246584,1
2019-04-10,262.6788330078125,0.0034112059432529485,0
2019-04-11,262.6058044433594,-0.00027801465240617773,1
2019-04-12,264.3826599121094,0.006766245980420527,0
2019-04-15,264.2095031738281,-0.0006549474097083952,1
2019-04-16,264.3826599121094,0.0006553766469457045,0
2019-04-17,263.7357482910156,-0.002446876135177689,1
2019-04-18,264.255126953125,0.0019693146093198166,1
2019-04-22,264.48284912109375,0.00086175118187648,1
2019-04-23,266.86102294921875,0.008991788450661176,0
2019-04-24,266.2687072753906,-0.002219566077061863,0
2019-04-25,266.10479736328125,-0.0006155808310581712,1
2019-04-26,267.34405517578125,0.004657029203454011,1
2019-04-29,267.76312255859375,0.0015675208582324185,1
2019-04-30,267.8997802734375,0.0005103679458842159,0
2019-05-01,265.8861083984375,-0.007516511857324826,0
2019-05-02,265.3120422363281,-0.002159067901543521,1
2019-05-03,267.90887451171875,0.009787841718384982,0
2019-05-06,266.8063049316406,-0.004115464939665081,0
2019-05-07,262.3508605957031,-0.016699171847078476,0
2019-05-08,261.9863586425781,-0.0013893682387675632,0
2019-05-09,261.1936340332031,-0.003025823991303689,1
2019-05-10,262.5057067871094,0.005023371870309212,0
2019-05-13,255.9087677001953,-0.025130650177689784,1
2019-05-14,258.2232360839844,0.009044115231333194,1
2019-05-15,259.7358093261719,0.005857618644727891,1
2019-05-16,262.1412048339844,0.009260931382749193,0
2019-05-17,260.4463806152344,-0.006465310250722833,0
2019-05-20,258.7243347167969,-0.00661190182167104,1
2019-05-21,261.0570068359375,0.009016052246086481,0
2019-05-22,260.255126953125,-0.0030716658117375673,0
2019-05-23,257.0751647949219,-0.012218634058939637,1
2019-05-24,257.6583251953125,0.002268443164690215,0
2019-05-28,255.26194763183594,-0.009300602111963707,0
2019-05-29,253.54896545410156,-0.0067106836472352605,1
2019-05-30,254.24148559570312,0.002731307305321673,0
2019-05-31,250.8155059814453,-0.013475297338790049,0
2019-06-03,250.17776489257812,-0.002542670104751732,1
2019-06-04,255.60818481445312,0.021706245254076606,1
2019-06-05,257.82232666015625,0.008662249400622102,1
2019-06-06,259.49884033203125,0.006502593059308115,1
2019-06-07,262.0956726074219,0.01000710551179318,1
2019-06-10,263.2984313964844,0.004589006667286899,0
2019-06-11,263.2345886230469,-0.0002424730489235527,0
2019-06-12,262.7699279785156,-0.001765196006200509,1
2019-06-13,263.85418701171875,0.004126267573859366,0
2019-06-14,263.56268310546875,-0.0011047916637269006,1
2019-06-17,263.6628112792969,0.00037990269581555935,1
2019-06-18,266.42364501953125,0.010471077535882944,1
2019-06-19,267.0250244140625,0.002257229813394268,1
2019-06-20,269.5762939453125,0.009554421114082112,0
2019-06-21,269.1844787597656,-0.0014534482235531998,0
2019-06-24,268.8548278808594,-0.0012246281079246746,0
2019-06-25,266.2178039550781,-0.00980835622914622,0
2019-06-26,265.9523620605469,-0.000997085433760203,1
2019-06-27,266.8954772949219,0.003546181079453259,1
2019-06-28,268.2687683105469,0.0051454263277286305,1
2019-07-01,270.7042541503906,0.009078529174981975,1
2019-07-02,271.4093017578125,0.002604494006326785,1
2019-07-03,273.57928466796875,0.007995241489890503,0
2019-07-05,273.2679138183594,-0.0011381375237795588,0
2019-07-08,271.7663879394531,-0.005494702462230161,1
2019-07-09,272.10516357421875,0.0012465692955418994,1
2019-07-10,273.40533447265625,0.004778192671389236,1
2019-07-11,274.04620361328125,0.0023440257369560236,1
2019-07-12,275.2731018066406,0.004476975696735774,1
2019-07-15,275.36474609375,0.000332921329791791,0
2019-07-16,274.4764709472656,-0.003225812886672008,0
2019-07-17,272.6087646484375,-0.006804613497041645,1
2019-07-18,273.6067199707031,0.0036607602237317405,0
2019-07-19,272.0869140625,-0.005554709724841067,1
2019-07-22,272.7551574707031,0.0024559924555931367,1
2019-07-23,274.7054443359375,0.00715032076137323,1
2019-07-24,275.9964599609375,0.004699636107033944,0
2019-07-25,274.677978515625,-0.004777167958962658,1
2019-07-26,276.5182800292969,0.006699850944065444,0
2019-07-29,276.0147399902344,-0.0018210009081828238,0
2019-07-30,275.33721923828125,-0.0024546542404840777,0
2019-07-31,272.3248596191406,-0.010940619025187726,0
2019-08-01,269.9534912109375,-0.008707866081413163,0
2019-08-02,267.9208984375,-0.007529418361362339,0
2019-08-05,259.8637390136719,-0.030072903871318113,1
2019-08-06,263.50775146484375,0.014022781573923782,1
2019-08-07,263.6633605957031,0.0005905296143826622,1
2019-08-08,268.8365173339844,0.019620309498420196,0
2019-08-09,267.0052185058594,-0.006811942240160462,0
2019-08-12,263.75494384765625,-0.01217307540426138,1
2019-08-13,267.8567810058594,0.015551697717455237,0
2019-08-14,259.9369201660156,-0.029567520411852066,1
2019-08-15,260.62359619140625,0.0026417025521117132,1
2019-08-16,264.46917724609375,0.014755306545088276,1
2019-08-19,267.65533447265625,0.012047366954969219,0
2019-08-20,265.60443115234375,-0.007662478778363457,1
2019-08-21,267.7652587890625,0.008135510493344711,0
2019-08-22,267.68280029296875,-0.00030795068959532657,0
2019-08-23,260.8067321777344,-0.025687373666551494,1
2019-08-26,263.69085693359375,0.011058475108280286,0
2019-08-27,262.6562805175781,-0.003923444400183218,1
2019-08-28,264.5057678222656,0.007041473750572402,1
2019-08-29,267.8843078613281,0.012773029741010022,0
2019-08-30,267.7652587890625,-0.00044440480002749805,0
2019-09-03,266.1995849609375,-0.005847188075128074,1
2019-09-04,269.2210693359375,0.011350447354917526,1
2019-09-05,272.6820068359375,0.012855373870019893,1
2019-09-06,272.8926086425781,0.0007723348125692198,1
2019-09-09,273.0299377441406,0.0005032349620812671,0
2019-09-10,272.9657897949219,-0.00023494840803450767,1
2019-09-11,274.90692138671875,0.007111263258503087,1
2019-09-12,275.85906982421875,0.003463530247609148,0
2019-09-13,275.67596435546875,-0.0006637645405919157,0
2019-09-16,274.824462890625,-0.003088776588973108,1
2019-09-17,275.5203552246094,0.002532133881623766,1
2019-09-18,275.6850891113281,0.000597900966643472,0
2019-09-19,275.66680908203125,-6.630764600223937e-05,0
2019-09-20,274.3643798828125,-0.004724650035148659,0
2019-09-23,274.2999572753906,-0.00023480674659515088,0
2019-09-24,272.1475524902344,-0.007846901642041715,1
2019-09-25,273.7572937011719,0.005914957515538388,0
2019-09-26,273.1869201660156,-0.0020835007807274986,0
2019-09-27,271.71527099609375,-0.005386967901053086,1
2019-09-30,272.9754333496094,0.004637804672869228,0
2019-10-01,269.72845458984375,-0.011894765473664859,0
2019-10-02,264.9638366699219,-0.01766449864241082,1
2019-10-03,267.1346130371094,0.008192726956515628,1
2019-10-04,270.7494812011719,0.01353200965971535,0
2019-10-07,269.5812683105469,-0.004314737318949824,0
2019-10-08,265.3960876464844,-0.015524745804079143,1
2019-10-09,267.9164123535156,0.009496465186737746,1
2019-10-10,269.72845458984375,0.006763461112405222,1
2019-10-11,272.5247497558594,0.010367075176654028,0
2019-10-14,272.22119140625,-0.0011138744274834522,1
2019-10-15,274.91619873046875,0.009900064393579378,0
2019-10-16,274.4747009277344,-0.0016059359352892377,1
2019-10-17,275.28424072265625,0.0029494149813646953,0
2019-10-18,274.0792236328125,-0.004377355880163858,1
2019-10-21,275.9372253417969,0.0067790680532340275,0
2019-10-22,275.0357971191406,-0.003266787297508289,1
2019-10-23,275.83612060546875,0.002909888438927144,1
2019-10-24,276.28680419921875,0.0016338817148411344,1
2019-10-25,277.4181213378906,0.004094720129507623,1
2019-10-28,278.9818115234375,0.005636582707740034,0
2019-10-29,278.8990478515625,-0.00029666332519329153,1
2019-10-30,279.7546081542969,0.0030676343620568147,0
2019-10-31,279.0093994140625,-0.0026637943344380854,1
2019-11-01,281.59417724609375,0.0092641245687759,1
2019-11-04,282.7254943847656,0.00401754450228986,0
2019-11-05,282.4127197265625,-0.0011062838845988798,1
2019-11-06,282.4772033691406,0.00022833122615928403,1
2019-11-07,283.4706115722656,0.00351677300425135,1
2019-11-08,284.1696472167969,0.002465989827495907,0
2019-11-11,283.6269226074219,-0.001909861291276238,1
2019-11-12,284.2248229980469,0.0021080523143868213,1
2019-11-13,284.3168029785156,0.00032361698566130137,1
2019-11-14,284.73065185546875,0.0014555906390956164,1
2019-11-15,286.7911682128906,0.007236721245128974,1
2019-11-18,287.0026550292969,0.0007374244392674978,0
2019-11-19,286.9198913574219,-0.00028837249560131895,0
2019-11-20,285.8529052734375,-0.0037187595427297104,0
2019-11-21,285.3929138183594,-0.0016091893648522149,1
2019-11-22,286.02764892578125,0.0022240745186330457,1
2019-11-25,288.2444152832031,0.007750182074170997,1
2019-11-26,288.89752197265625,0.0022658086499662833,1
2019-11-27,290.1852722167969,0.004457463793207994,0
2019-11-29,289.1091613769531,-0.003708357876411439,0
2019-12-02,286.6532287597656,-0.00849482806248869,0
2019-12-03,284.73065185546875,-0.006706978018754972,1
2019-12-04,286.4876403808594,0.006170703835154612,1
2019-12-05,287.0026550292969,0.0017976854001549025,1
2019-12-06,289.6242370605469,0.009134347663029008,0
2019-12-09,288.713623046875,-0.003144122269993277,0
2019-12-10,288.3916320800781,-0.00111526073275936,1
2019-12-11,289.21026611328125,0.0028386192321134818,1
2019-12-12,291.7030029296875,0.008619115946008282,1
2019-12-13,291.87774658203125,0.0005990464636589365,1
2019-12-16,293.88299560546875,0.00687016755103631,1
2019-12-17,293.9474182128906,0.00021921175564831863,1
2019-12-18,293.9656982421875,6.218809271407721e-05,1
2019-12-19,295.1707763671875,0.0040993834729901035,1
2019-12-20,296.46484375,0.004384131107893596,1
2019-12-23,296.9176940917969,0.0015275009882074198,1
2019-12-24,296.92694091796875,3.114272525972517e-05,1
2019-12-26,298.5075378417969,0.005323184615520615,0
2019-12-27,298.43353271484375,-0.0002479171128748625,0
2019-12-30,296.78826904296875,-0.0055129986798335695,1
2019-12-31,297.5093078613281,0.0024294720970086114,1
2020-01-02,300.29156494140625,0.00935183204881418,0
2020-01-03,298.0177001953125,-0.0075721898699933066,1
2020-01-06,299.1546325683594,0.0038149827084155152,0
2020-01-07,298.31341552734375,-0.00281198065961219,1
2020-01-08,299.90338134765625,0.005329850209726095,1
2020-01-09,301.93695068359375,0.006780748275659221,0
2020-01-10,301.0680236816406,-0.0028778425429079046,1
2020-01-13,303.1385803222656,0.006877371483377637,0
2020-01-14,302.6764221191406,-0.0015245773158720777,1
2020-01-15,303.3603820800781,0.002259706772496095,1
2020-01-16,305.8838195800781,0.008318282969903112,1
2020-01-17,306.8359375,0.00311267827513384,0
2020-01-21,306.2350158691406,-0.001958446053469176,1
2020-01-22,306.2720642089844,0.00012098009020489187,1
2020-01-23,306.6233215332031,0.0011468800627505438,0
2020-01-24,303.89654541015625,-0.008892918221002355,0
2020-01-27,299.02520751953125,-0.016029592847297325,1
2020-01-28,302.1587829589844,0.010479301947306396,0
2020-01-29,301.9092102050781,-0.0008259655783037223,1
2020-01-30,302.88897705078125,0.0032452366889952344,0
2020-01-31,297.3891296386719,-0.01815796489413768,1
2020-02-03,299.5982666015625,0.0074284388456791195,1
2020-02-04,304.1645812988281,0.015241459001291258,1
2020-02-05,307.67706298828125,0.011547964179308146,1
2020-02-06,308.7123107910156,0.0033647220650108167,0
2020-02-07,307.0670166015625,-0.0053295386414534685,1
2020-02-10,309.3594055175781,0.007465435204947912,1
2020-02-11,309.8954772949219,0.0017328446065729697,1
2020-02-12,311.8921203613281,0.006442956456915505,0
2020-02-13,311.559326171875,-0.0010670169835248489,1
2020-02-14,312.0584716796875,0.0016020881606899628,0
2020-02-18,311.2543029785156,-0.0025769808358137025,1
2020-02-19,312.74249267578125,0.004781266260496908,0
2020-02-20,311.4576416015625,-0.0041083354654679605,0
2020-02-21,308.2501525878906,-0.010298315357358034,0
2020-02-24,298.0269470214844,-0.03316528955647913,0
2020-02-25,288.9961242675781,-0.03030203424274658,0
2020-02-26,287.93310546875,-0.00367831506918026,0
2020-02-27,275.00146484375,-0.044911961769548925,0
2020-02-28,273.84613037109375,-0.004201193885685961,1
2020-03-02,285.7053527832031,0.04330615297005935,0
2020-03-03,277.52496337890625,-0.028632258109998587,1
2020-03-04,289.19024658203125,0.04203327535331769,0
2020-03-05,279.5770263671875,-0.03324185489816267,0
2020-03-06,274.95526123046875,-0.01653127653861186,0
2020-03-09,253.48281860351562,-0.07809431443813986,1
2020-03-10,266.5992126464844,0.051744706466613444,0
2020-03-11,253.6029510498047,-0.04874831199862906,0
2020-03-12,229.33892822265625,-0.09567721009044272,1
2020-03-13,248.94435119628906,0.08548667740610827,0
2020-03-16,221.70387268066406,-0.10942396718271497,1
2020-03-17,233.67413330078125,0.05399211333289977,0
2020-03-18,221.842529296875,-0.0506329213113067,1
2020-03-19,222.31393432617188,0.0021249533657543562,0
2020-03-20,212.73350524902344,-0.04309414570070236,0
2020-03-23,207.29425048828125,-0.025568397203698856,1
2020-03-24,226.0758514404297,0.09060357876742064,1
2020-03-25,229.46023559570312,0.01497012676811793,1
2020-03-26,242.85833740234375,0.05838964547324599,0
2020-03-27,235.62461853027344,-0.02978575473028211,1
2020-03-30,243.2766876220703,0.032475677369908196,0
2020-03-31,239.6505889892578,-0.014905245004180778,0
2020-04-01,228.86514282226562,-0.04500488069935704,1
2020-04-02,234.1463165283203,0.023075482971891326,0
2020-04-03,230.7618865966797,-0.014454337705676723,1
2020-04-06,246.2612762451172,0.0671661593559727,1
2020-04-07,246.5123291015625,0.0010194573027202392,1
2020-04-08,254.78733825683594,0.0335683378816487,1
2020-04-09,258.6646423339844,0.01521780518480842,0
2020-04-13,256.3030090332031,-0.009130097099749546,1
2020-04-14,263.86199951171875,0.029492398497500183,0
2020-04-15,258.2554931640625,-0.021247873350581648,1
2020-04-16,259.5013427734375,0.004824097230658131,1
2020-04-17,266.5119323730469,0.027015619744712005,0
2020-04-20,261.8164978027344,-0.017618102606153152,0
2020-04-21,253.86688232421875,-0.030363309971800367,1
2020-04-22,259.5013427734375,0.022194546991059827,0
2020-04-23,259.4827880859375,-7.150131595345943e-05,1
2020-04-24,263.0996398925781,0.013938696409577567,1
2020-04-27,266.89312744140625,0.014418444473648817,0
2020-04-28,265.66583251953125,-0.004598450824270239,1
2020-04-29,272.6205139160156,0.026178305770551358,0
2020-04-30,270.0823059082031,-0.009310407244681573,0
2020-05-01,262.9322509765625,-0.026473614802706935,1
2020-05-04,263.6574401855469,0.002758083902948183,1
2020-05-05,266.0934753417969,0.009239394702973858,0
2020-05-06,264.2897644042969,-0.006778486151090779,1
2020-05-07,267.47894287109375,0.012066976842577404,1
2020-05-08,271.9046630859375,0.016546050942696677,1
2020-05-11,271.96038818359375,0.00020494351595079507,0
2020-05-12,266.539794921875,-0.01993155436320171,0
2020-05-13,261.8258361816406,-0.017685759612804053,1
2020-05-14,264.9591369628906,0.011967118398034104,1
2020-05-15,266.1772766113281,0.0045974623196636255,1
2020-05-18,274.284912109375,0.03045953283940772,0
2020-05-19,271.4676818847656,-0.010271181899666249,1
2020-05-20,276.0793762207031,0.016988004995361017,0
2020-05-21,274.1733093261719,-0.006904053901539919,1
2020-05-22,274.69403076171875,0.0018992418949410617,1
2020-05-26,278.078369140625,0.012320392873196306,1
2020-05-27,282.2159423828125,0.01487916250003285,0
2020-05-28,281.6952819824219,-0.001844900738046773,1
2020-05-29,282.9504089355469,0.00445561936391714,1
2020-06-01,284.093994140625,0.0040416453518490325,1
2020-06-02,286.4464111328125,0.008280417892337022,1
2020-06-03,290.2585144042969,0.013308259846610104,0
2020-06-04,289.49609375,-0.0026266952267071098,1
2020-06-05,296.9157409667969,0.02562952446330513,1
2020-06-08,300.50469970703125,0.012087465381755313,0
2020-06-09,298.26385498046875,-0.007456937374846873,0
2020-06-10,296.5995788574219,-0.005579878672043126,0
2020-06-11,279.5008850097656,-0.057649083365272524,1
2020-06-12,282.8480529785156,0.011975518319496725,1
2020-06-15,285.48870849609375,0.00933595083922567,1
2020-06-16,290.98370361328125,0.01924767934302629,0
2020-06-17,289.77496337890625,-0.004153979138231789,1
2020-06-18,289.8865661621094,0.0003851360445421559,0
2020-06-19,288.2298583984375,-0.0057150208290280835,1
2020-06-22,290.0789794921875,0.006415439066669748,1
2020-06-23,291.4143981933594,0.004603638303987578,0
2020-06-24,283.98077392578125,-0.025508774836326964,1
2020-06-25,287.025146484375,0.01072034742531347,0
2020-06-26,280.20794677734375,-0.02375122803883789,1
2020-06-29,284.3262634277344,0.014697358507334224,1
2020-06-30,287.96826171875,0.012809222219252625,1
2020-07-01,289.9856262207031,0.007005509877763716,1
2020-07-02,291.58245849609375,0.00550659112384877,1
2020-07-06,296.083740234375,0.015437422955748792,0
2020-07-07,293.02996826171875,-0.01031387934453587,1
2020-07-08,295.271240234375,0.0076486100925161615,0
2020-07-09,293.5903015136719,-0.005692863007480398,1
2020-07-10,296.5880432128906,0.010210629178699637,0
2020-07-13,294.019775390625,-0.00865937748010337,1
2020-07-14,297.8301086425781,0.012959445489307164,1
2020-07-15,300.56634521484375,0.00918723961367296,0
2020-07-16,299.576416015625,-0.0032935463832823864,0
